iteration,theta0,theta1,gain,bias
0,0.0,0.0,10.17393509127789,20.21307997564277
1,-256.5687450654145,-76.5695410783974,13.344537815126053,-0.28945695925428794
