iteration,theta0,theta1,gain,bias
0,0.0,0.0,10.17393509127789,20.21307997564277
1,-1.1036221186708528,-1.4338520788177669,13.263350261923398,3.176560250606151
