iteration,theta0,theta1,gain,bias
0,0.0,0.0,10.17393509127789,20.21307997564277
1,-3.6620045033702553,-1.1861810425596602,13.344469279663798,3.6069678102504454
