iteration,theta0,theta1,v_gamma
0,0.0,0.0,181.0586843894263
1,-256.5687450654145,-76.5695410783974,212.63843268234524
