iteration,theta0,theta1,gain
0,0.0,0.0,10.17393509127789
1,-1.10354133152424,-2.3065067388323732,13.310288377367781
2,-11.542094196865783,14.016145588900324,13.344525463218675
