iteration,theta0,theta1,gain
0,0.0,0.0,10.17393509127789
1,-256.5687450654145,-76.5695410783974,13.344537815126051
