iteration,theta0,theta1,gain
0,0.0,0.0,10.17393509127789
1,-2.978757369913061,-0.9433041279741949,13.343964663537877
