iteration,theta0,theta1,gain
0,0.0,0.0,10.17393509127789
1,-3.6620045033702553,-1.1861810425596602,13.344469279663798
