iteration,theta0,theta1,gain
0,0.0,0.0,2.2
1,-121.87127733635907,-139.20052889110514,4.0
2,-121.87127733635907,-139.20052889110514,4.0
