iteration,theta0,theta1,gain
0,0.0,0.0,2.2
1,-0.6750000000000002,-0.8000000000000002,3.265883280979976
2,-1.1039372934297296,-1.3479534895815592,3.6791673682659183
3,-1.1230189079934838,-1.4617440984742838,3.7162493736416793
4,-1.357856304642963,-1.7833861936821291,3.831772245361149
5,-1.5975345401060717,-2.0230644291452378,3.8940604991976846
6,-24.969031503076348,-25.67965493214515,4.0
