iteration,theta0,theta1,gain_plus_bias
0,0.0,0.0,2.04
1,-1.5999978666097792,-1.9999936000682663,2.7764267668676235
2,0.08422699910249731,-5.597594562500869,2.994600610742995
