iteration,theta0,theta1,gain
0,0.0,0.0,2.2
1,-1.5999978666097792,-1.9999936000682663,3.891878523485212
