iteration,theta0,theta1,gain_plus_bias
0,0.0,0.0,30.387015066920664
1,-1.10354133152424,-2.3065067388323732,14.635416952905768
2,-11.542094196865783,14.016145588900324,29.710430150775935
