iteration,theta0,theta1,gain
0,0.0,0.0,10.17393509127789
1,-1.1036221186708528,-1.4338520788177667,13.263350261923398
2,-4.232734671246962,-2.476889596342666,13.344533589752007
