iteration,theta0,theta1,gain
0,0.0,0.0,10.17393509127789
1,-4.281820486815416,-1.4042849898580119,13.344526915393539
