iteration,theta0,theta1,v_gamma
0,0.0,0.0,1750.606235948061
1,-3.6620045033702553,-1.1861810425596602,2273.3962533302815
2,-3.6620045033735504,-1.1861810425607586,2273.3962533302915
