iteration,theta0,theta1,v_gamma
0,0.0,0.0,1750.606235948061
1,-1.1036221186708528,-1.4338520788177667,2259.1734955909606
2,-4.232734671246962,-2.476889596342666,2270.824256962218
