environment,policy,gain,bias
env-b1,"(np.int64(0), np.int64(0))",0.6666666666666666,0.22222222222222232
env-b1,"(np.int64(0), np.int64(1))",4.0,-3.0
env-b1,"(np.int64(1), np.int64(0))",1.3333333333333333,1.1111111111111114
env-b1,"(np.int64(1), np.int64(1))",4.0,-1.0
