iteration,theta0,theta1,v_gamma
0,0.0,0.0,231.37324880621065
1,208.64715967518208,27.01893983977896,618.1635506742389
2,208.64715967518208,27.018939839769736,618.1635506742389
