iteration,theta0,theta1,gain
0,0.0,0.0,1.3125
1,2.0801816854354667,-5.3960738856187085,3.0259872493425912
2,6.084712060109732,-11.659935810049134,3.5540098326149265
3,8.283820117745869,-14.507132627418844,3.646290201710656
4,5.252589807075104,-7.15480065089681,3.6679727018317236
5,0.1526954652489243,4.351932255734775,3.6143322874491006
6,4.4046749550845075,-3.299116931797956,3.6757493157888876
7,4.157564963824791,0.6364344857819604,3.676765983398311
8,9.91103927880781,-4.252746932757175,3.6767999564531215
9,21.8376420732162,-9.243915015650984,3.6767999999999983
10,30.982001821979274,-14.099111352420698,3.6768
