iteration,theta0,theta1,gain
0,0.0,0.0,1.3125
1,208.64715967518208,27.01893983977896,3.6768
2,208.64715967518208,27.018939839769736,3.6768
