iteration,theta0,theta1,gain
0,0.0,0.0,1.3125
1,0.27773437499999987,-0.007031250000000044,2.1311034687352217
2,10.430706151546838,1.8221629380466209,3.6767999999645786
