iteration,theta0,theta1,v_gamma
0,0.0,0.0,-25.09031309992345
1,0.0,0.007195849463021986,-25.08921723858671
