iteration,theta0,theta1,v_gamma
0,0.0,0.0,-4.792547738769886
1,-0.20101581730951382,0.20101671039853697,-4.778982641032736
