iteration,theta0,theta1,v_gamma
0,0.0,0.0,-4.792547738769886
1,0.0,0.004934236030514714,-4.792223638952236
