iteration,theta0,theta1,gain
0,0.0,0.0,-1.0
1,-0.46047346021799634,0.46047542490475996,-1.0
