iteration,theta0,theta1,gain
0,0.0,0.0,-1.0
1,-0.20101581730951382,0.20101671039853697,-1.0
