iteration,theta0,theta1,v_gamma
0,0.0,0.0,-25.09031309992345
1,-0.46047346021799634,0.46047542490475996,-25.016085209413703
