iteration,theta0,theta1,gain,bias
0,0.0,0.0,1.3125,8.125
1,208.64715967518208,27.01893983977896,3.6768,-7.460799999990787
