iteration,theta0,theta1,gain
0,0.0,0.0,1.3125
1,1.2808593750000006,0.16875000000000012,3.6383355214718187
2,1.3967124730249967,0.20661309470834996,3.6504329582415616
3,1.4722848333954248,0.23265914858229664,3.656041482227582
4,1.5300569605858163,0.2532023066559103,3.6594513025598165
5,1.5773409994614533,0.2703915920669641,3.661791060632746
6,1.617595248272815,0.28527562648789817,3.6635151784299356
7,1.6527654119256125,0.2984588268751545,3.6648475846904063
8,1.6840669736355012,0.3103263053566632,3.665913164376093
9,1.712315135659804,0.32114068942939733,3.6667877420632595
10,1.7380856533874836,0.3310901512525577,3.6675203202583853
11,1.761801542486886,0.340314697620321,3.668144124711165
12,1.7837834496416938,0.3489216494605145,3.6686825603763737
13,1.8042806591471834,0.3569952860341273,3.6691526355454696
14,1.823491085085964,0.36460313139457085,3.6695670344733395
15,1.8415746611420687,0.37180020681881776,3.6699354262943396
16,1.8586625980576874,0.3786319978046769,3.6702653215797283
17,1.8748639591850145,0.3851365793510613,3.6705626501235376
18,1.8902704408530866,0.39134617314081876,3.6708321610140078
19,1.9049599186111748,0.39728831115695334,3.6710777060444975
20,1.918999125083764,0.40298672036337396,3.6713024445552334
21,1.9324457041362517,0.4084620056901618,3.671508994149996
22,1.9453498088763077,0.41373218455669547,3.671699543369803
23,1.9577553605497493,0.4188131103645122,3.6718759371416665
24,1.969701051637314,0.4237188117579602,3.672039742425714
25,1.9812211534241386,0.42846176715087503,3.6721922992468934
26,1.9923461723048421,0.4330531289157257,3.6723347607939902
27,2.0031033877752655,0.43750290800757746,3.672468125240211
28,2.0135172969478514,0.44182012718236907,3.672593261224478
29,2.0236099845267024,0.44601294905954025,3.672710928427982
30,2.033401432831618,0.45008878386599666,3.6728217943194648
31,2.042909783221608,0.45405438064075904,3.672926447881119
32,2.0521515578283793,0.45791590487944966,3.673025410935405
