iteration,theta0,theta1,gain
0,0.0,0.0,1.3125
1,0.27773437499999987,-0.007031250000000044,2.1311034687352217
2,10.430706151546838,1.8221629380466209,3.6767999999645786
3,10.4307061517062,1.2742833502987105,3.676799999938739
4,10.430706152182923,0.3318299395842641,3.6767999998427845
5,10.430706155322417,-0.7978244529614258,3.676799999513479
6,10.430706185385006,-1.990506425592318,3.6767999983964685
7,10.430706511857109,-2.0627502602443744,3.6767999982763375
8,10.430706889066016,-2.3683541807781436,3.6767999976602255
9,10.430707584016298,-3.181972048733987,3.6767999947213457
