iteration,theta0,theta1,gain,bias
0,0.0,0.0,2.2,-0.16000000000000014
1,-74.31336905144306,-82.969619051443,4.0,-1.0
