iteration,theta0,theta1,gain,bias
0,0.0,0.0,2.2,-0.16000000000000014
1,-121.87127733635909,-139.20052889110514,4.0,-1.0
