iteration,theta0,theta1,v_gamma
0,0.0,0.0,374.0350580692152
1,-121.87127733635907,-139.20052889110514,679.3549935050424
