iteration,theta0,theta1,v_gamma
0,0.0,0.0,34.80270230714961
1,-74.31336905144306,-82.969619051443,62.57225713549367
