iteration,theta0,theta1,gain_plus_bias
0,0.0,0.0,2.04
1,-1.5999999998400034,-1.9999920001599971,2.776426428384089
2,-3.6650150783544992,-4.000039148361084,2.9642712507331495
3,-5.6515622953376905,-6.000610027804459,2.995062133408776
