iteration,theta0,theta1,gain
0,0.0,0.0,2.2
1,-1.5999978666097792,-1.9999936000682663,3.891878523485212
2,0.08422699910249731,-5.597594562500869,3.983952158029266
