iteration,theta0,theta1,gain
0,0.0,0.0,2.2
1,-74.31336905144306,-82.969619051443,4.0
